Question,Intent,Answer,SearchText,Source,Topic,Semester
When is application dates for lateral transfers in the fall semester?,Academic Calendar | APPLICATION DATES FOR LATERAL TRANSFERS | Fall Semester,"Application Dates For Lateral Transfers for the Fall Semester is scheduled for 22 August 2025, Friday.","application dates for lateral transfers fall semester academic calendar date deadline schedule 22 August 2025, Friday",calendar,APPLICATION DATES FOR LATERAL TRANSFERS,Fall Semester
When is lateral transfer registrations in the fall semester?,Academic Calendar | LATERAL TRANSFER REGISTRATIONS | Fall Semester,Lateral Transfer Registrations for the Fall Semester is scheduled for 25 August 2025 - 28 August 2025 Monday - Thursday(Acceptance List). Additional details: 29 August 2025 - 2 September 2025 Friday-Tuesday (Waiting List) BEYKOZ-PROF EXAM FOR THE STUDENTS APPLYING IN THE FALL SEMESTER TO TRANSFER TO,lateral transfer registrations fall semester academic calendar date deadline schedule 25 August 2025 - 28 August 2025 Monday - Thursday(Acceptance List),calendar,LATERAL TRANSFER REGISTRATIONS,Fall Semester
When is programs whose medium of instruction is english in the fall semester?,Academic Calendar | PROGRAMS WHOSE MEDIUM OF INSTRUCTION IS ENGLISH | Fall Semester,"Programs Whose Medium Of Instruction Is English for the Fall Semester is scheduled for 4 September 2025, Thursday. Additional details: 29 August 2025 Thursday (Financial registration for the students still within regular duration of their education.) 18 September-21 September 2025 Monday - Sunday (Financial registration for students who have exceeded the regular duration of their education.)","programs whose medium of instruction is english fall semester academic calendar date deadline schedule 4 September 2025, Thursday",calendar,PROGRAMS WHOSE MEDIUM OF INSTRUCTION IS ENGLISH,Fall Semester
When is deadline for double major/minor/special student applications in the fall semester?,Academic Calendar | DEADLINE FOR DOUBLE MAJOR/MINOR/SPECIAL STUDENT APPLICATIONS | Fall Semester,"Deadline For Double Major/Minor/Special Student Applications for the Fall Semester is scheduled for 29 August 2025, Friday.","deadline for double major/minor/special student applications fall semester academic calendar date deadline schedule 29 August 2025, Friday",calendar,DEADLINE FOR DOUBLE MAJOR/MINOR/SPECIAL STUDENT APPLICATIONS,Fall Semester
When is application dates for exemption from university's general english courses in the fall semester?,Academic Calendar | APPLICATION DATES FOR EXEMPTION FROM UNIVERSITY'S GENERAL ENGLISH COURSES | Fall Semester,Application Dates For Exemption From University'S General English Courses for the Fall Semester is scheduled for 18 August -5 September 2025 Wednesday-Monday. Additional details: BEYKOZ-PROF EXAM FOR THE STUDENTS APPLYING FOR DOUBLE MAJOR/MINOR PROGRAMS IN,application dates for exemption from university's general english courses fall semester academic calendar date deadline schedule 18 August -5 September 2025 Wednesday-Monday,calendar,APPLICATION DATES FOR EXEMPTION FROM UNIVERSITY'S GENERAL ENGLISH COURSES,Fall Semester
When is announcement of double major/minor application results in the fall semester?,Academic Calendar | ANNOUNCEMENT OF DOUBLE MAJOR/MINOR APPLICATION RESULTS | Fall Semester,"Announcement Of Double Major/Minor Application Results for the Fall Semester is scheduled for 8 September 2025, Monday.","announcement of double major/minor application results fall semester academic calendar date deadline schedule 8 September 2025, Monday",calendar,ANNOUNCEMENT OF DOUBLE MAJOR/MINOR APPLICATION RESULTS,Fall Semester
When is double major/minor/special student registrations in the fall semester?,Academic Calendar | DOUBLE MAJOR/MINOR/SPECIAL STUDENT REGISTRATIONS | Fall Semester,Double Major/Minor/Special Student Registrations for the Fall Semester is scheduled for 9-12 September 2025 Wednesday - Friday.,double major/minor/special student registrations fall semester academic calendar date deadline schedule 9-12 September 2025 Wednesday - Friday,calendar,DOUBLE MAJOR/MINOR/SPECIAL STUDENT REGISTRATIONS,Fall Semester
When is placement exam for the english preparatory program (beykoz-plet exam) in the fall semester?,Academic Calendar | PLACEMENT EXAM FOR THE ENGLISH PREPARATORY PROGRAM (BEYKOZ-PLET EXAM) | Fall Semester,Placement Exam For The English Preparatory Program (Beykoz-Plet Exam) for the Fall Semester is scheduled for 8 September 2025 Monday. Additional details: Time 10:00 LAST DAY OF APPLICATIONS FOR EXEMPTION FROM THE COURSES TAKEN FROM OTHER HIGHER,placement exam for the english preparatory program (beykoz-plet exam) fall semester academic calendar date deadline schedule 8 September 2025 Monday,calendar,PLACEMENT EXAM FOR THE ENGLISH PREPARATORY PROGRAM (BEYKOZ-PLET EXAM),Fall Semester
When is exam date for exemption from english preparatory program (beykoz prof) in the fall semester?,Academic Calendar | EXAM DATE FOR EXEMPTION FROM ENGLISH PREPARATORY PROGRAM (BEYKOZ PROF) | Fall Semester,Exam Date For Exemption From English Preparatory Program (Beykoz Prof) for the Fall Semester is scheduled for 11 September 2025 Thursday. Additional details: Time 10:00,exam date for exemption from english preparatory program (beykoz prof) fall semester academic calendar date deadline schedule 11 September 2025 Thursday,calendar,EXAM DATE FOR EXEMPTION FROM ENGLISH PREPARATORY PROGRAM (BEYKOZ PROF),Fall Semester
When is exam date for exemption from university's general english courses in the fall semester?,Academic Calendar | EXAM DATE FOR EXEMPTION FROM UNIVERSITY'S GENERAL ENGLISH COURSES | Fall Semester,"Exam Date For Exemption From University'S General English Courses for the Fall Semester is scheduled for 9 September 2025, Tuesday.","exam date for exemption from university's general english courses fall semester academic calendar date deadline schedule 9 September 2025, Tuesday",calendar,EXAM DATE FOR EXEMPTION FROM UNIVERSITY'S GENERAL ENGLISH COURSES,Fall Semester
When is course registrations in the fall semester?,Academic Calendar | COURSE REGISTRATIONS | Fall Semester,Course Registrations for the Fall Semester is scheduled for 15-21 September 2025 Monday-Sunday. Additional details: FIRST DAY OF CLASSES (Undergraduate-Associate Degree Programs / English Preparatory,course registrations fall semester academic calendar date deadline schedule 15-21 September 2025 Monday-Sunday,calendar,COURSE REGISTRATIONS,Fall Semester
When is course add/drop in the fall semester?,Academic Calendar | COURSE ADD/DROP | Fall Semester,"Course Add/Drop for the Fall Semester is scheduled for 22-27 September 2025 Monday - Saturday. Additional details: Deadline for announcing the goal, content, learning outcomes, weekly lesson plans, learning and",course add/drop fall semester academic calendar date deadline schedule 22-27 September 2025 Monday - Saturday,calendar,COURSE ADD/DROP,Fall Semester
When is last day for applications to freeze registration in the fall semester?,Academic Calendar | LAST DAY FOR APPLICATIONS TO FREEZE REGISTRATION | Fall Semester,"Last Day For Applications To Freeze Registration for the Fall Semester is scheduled for 7 November 2025, Friday.","last day for applications to freeze registration fall semester academic calendar date deadline schedule 7 November 2025, Friday",calendar,LAST DAY FOR APPLICATIONS TO FREEZE REGISTRATION,Fall Semester
When is midterms in the fall semester?,Academic Calendar | MIDTERMS | Fall Semester,Midterms for the Fall Semester is scheduled for 08-16 November 2025 Saturday-Sunday.,midterms fall semester academic calendar date deadline schedule 08-16 November 2025 Saturday-Sunday,calendar,MIDTERMS,Fall Semester
When is last day for withdrawal from courses in the fall semester?,Academic Calendar | LAST DAY FOR WITHDRAWAL FROM COURSES | Fall Semester,"Last Day For Withdrawal From Courses for the Fall Semester is scheduled for 7 November 2025, Friday.","last day for withdrawal from courses fall semester academic calendar date deadline schedule 7 November 2025, Friday",calendar,LAST DAY FOR WITHDRAWAL FROM COURSES,Fall Semester
When is deadline for midterm make-up exam applications in the fall semester?,Academic Calendar | DEADLINE FOR MIDTERM MAKE-UP EXAM APPLICATIONS | Fall Semester,"Deadline For Midterm Make-Up Exam Applications for the Fall Semester is scheduled for 19 November 2025, Wednesday.","deadline for midterm make-up exam applications fall semester academic calendar date deadline schedule 19 November 2025, Wednesday",calendar,DEADLINE FOR MIDTERM MAKE-UP EXAM APPLICATIONS,Fall Semester
When is deadline for entering the midterm grades into ois in the fall semester?,Academic Calendar | DEADLINE FOR ENTERING THE MIDTERM GRADES INTO OIS | Fall Semester,"Deadline For Entering The Midterm Grades Into Ois for the Fall Semester is scheduled for 5 December 2025, Friday.","deadline for entering the midterm grades into ois fall semester academic calendar date deadline schedule 5 December 2025, Friday",calendar,DEADLINE FOR ENTERING THE MIDTERM GRADES INTO OIS,Fall Semester
When is make-up exams for the midterms in the fall semester?,Academic Calendar | MAKE-UP EXAMS FOR THE MIDTERMS | Fall Semester,Make-Up Exams For The Midterms for the Fall Semester is scheduled for 24-28 November 2025 Monday - Friday.,make-up exams for the midterms fall semester academic calendar date deadline schedule 24-28 November 2025 Monday - Friday,calendar,MAKE-UP EXAMS FOR THE MIDTERMS,Fall Semester
When is deadline for announcing the grades of the midterm make-up exams in the fall semester?,Academic Calendar | DEADLINE FOR ANNOUNCING THE GRADES OF THE MIDTERM MAKE-UP EXAMS | Fall Semester,"Deadline For Announcing The Grades Of The Midterm Make-Up Exams for the Fall Semester is scheduled for 5 December 2025, Friday.","deadline for announcing the grades of the midterm make-up exams fall semester academic calendar date deadline schedule 5 December 2025, Friday",calendar,DEADLINE FOR ANNOUNCING THE GRADES OF THE MIDTERM MAKE-UP EXAMS,Fall Semester
When is deadline for entering the grades for the semester exams into the system in the fall semester?,Academic Calendar | DEADLINE FOR ENTERING THE GRADES FOR THE SEMESTER EXAMS INTO THE SYSTEM | Fall Semester,"Deadline For Entering The Grades For The Semester Exams Into The System for the Fall Semester is scheduled for 26 December 2025, Friday. Additional details: MAKE-UP CLASSES FOR THE ONES THAT COULD NOT BE CONDUCTED DUE TO REPUBLIC DAY","deadline for entering the grades for the semester exams into the system fall semester academic calendar date deadline schedule 26 December 2025, Friday",calendar,DEADLINE FOR ENTERING THE GRADES FOR THE SEMESTER EXAMS INTO THE SYSTEM,Fall Semester
When is on 28 october 2025 tuesday in the fall semester?,Academic Calendar | ON 28 OCTOBER 2025 TUESDAY | Fall Semester,"On 28 October 2025 Tuesday for the Fall Semester is scheduled for 30 December 2025, Tuesday. Additional details: MAKE-UP CLASSES FOR THE ONES THAT COULD NOT BE CONDUCTED ON 29 OCTOBER 2024","on 28 october 2025 tuesday fall semester academic calendar date deadline schedule 30 December 2025, Tuesday",calendar,ON 28 OCTOBER 2025 TUESDAY,Fall Semester
When is last day of classes in the fall semester?,Academic Calendar | LAST DAY OF CLASSES | Fall Semester,"Last Day Of Classes for the Fall Semester is scheduled for 26 December 2025, Friday. Additional details: ANNOUNCEMENT OF THE LIST OF STUDENTS THAT HAVE FAILED IN THE FALL SEMESTER DUE TO","last day of classes fall semester academic calendar date deadline schedule 26 December 2025, Friday",calendar,LAST DAY OF CLASSES,Fall Semester
When is final exams in the fall semester?,Academic Calendar | FINAL EXAMS | Fall Semester,Final Exams for the Fall Semester is scheduled for 5-16 January 2026 Monday - Friday.,final exams fall semester academic calendar date deadline schedule 5-16 January 2026 Monday - Friday,calendar,FINAL EXAMS,Fall Semester
When is application dates for graduation single course exams in the fall semester?,Academic Calendar | APPLICATION DATES FOR GRADUATION SINGLE COURSE EXAMS | Fall Semester,Application Dates For Graduation Single Course Exams for the Fall Semester is scheduled for 20 January - 12 February 2026 Friday - Tuesday.,application dates for graduation single course exams fall semester academic calendar date deadline schedule 20 January - 12 February 2026 Friday - Tuesday,calendar,APPLICATION DATES FOR GRADUATION SINGLE COURSE EXAMS,Fall Semester
When is 1st additional exam applications within the scope of the law no 2547 article 44 c in the fall semester?,Academic Calendar | 1ST ADDITIONAL EXAM APPLICATIONS WITHIN THE SCOPE OF THE LAW NO 2547 ARTICLE 44 C | Fall Semester,1St Additional Exam Applications Within The Scope Of The Law No 2547 Article 44 C for the Fall Semester is scheduled for 21 January - 4 February 2026 Wednesday.,1st additional exam applications within the scope of the law no 2547 article 44 c fall semester academic calendar date deadline schedule 21 January - 4 February 2026 Wednesday,calendar,1ST ADDITIONAL EXAM APPLICATIONS WITHIN THE SCOPE OF THE LAW NO 2547 ARTICLE 44 C,Fall Semester
When is deadline for entering the final exam grades into ois in the fall semester?,Academic Calendar | DEADLINE FOR ENTERING THE FINAL EXAM GRADES INTO OIS | Fall Semester,"Deadline For Entering The Final Exam Grades Into Ois for the Fall Semester is scheduled for 19 January 2026, Monday.","deadline for entering the final exam grades into ois fall semester academic calendar date deadline schedule 19 January 2026, Monday",calendar,DEADLINE FOR ENTERING THE FINAL EXAM GRADES INTO OIS,Fall Semester
When is retake exams in the fall semester?,Academic Calendar | RETAKE EXAMS | Fall Semester,Retake Exams for the Fall Semester is scheduled for 24-30 January 2026 Saturday - Friday.,retake exams fall semester academic calendar date deadline schedule 24-30 January 2026 Saturday - Friday,calendar,RETAKE EXAMS,Fall Semester
When is deadline for entering the retake exam grades into ois in the fall semester?,Academic Calendar | DEADLINE FOR ENTERING THE RETAKE EXAM GRADES INTO OIS | Fall Semester,"Deadline For Entering The Retake Exam Grades Into Ois for the Fall Semester is scheduled for 1 February 2026, Sunday.","deadline for entering the retake exam grades into ois fall semester academic calendar date deadline schedule 1 February 2026, Sunday",calendar,DEADLINE FOR ENTERING THE RETAKE EXAM GRADES INTO OIS,Fall Semester
When is 2nd additional exam dates within the scope of the law no 2547 article 44 c in the fall semester?,Academic Calendar | 2ND ADDITIONAL EXAM DATES WITHIN THE SCOPE OF THE LAW NO 2547 ARTICLE 44 C | Fall Semester,2Nd Additional Exam Dates Within The Scope Of The Law No 2547 Article 44 C for the Fall Semester is scheduled for 10 - 12 February 2026 Tuesday - Thursday. Additional details: DEADLINE FOR ANNOUNCING THE RESULTS OF THE 1ST ADDITIONAL EXAMS WITHIN THE SCOPE OF THE,2nd additional exam dates within the scope of the law no 2547 article 44 c fall semester academic calendar date deadline schedule 10 - 12 February 2026 Tuesday - Thursday,calendar,2ND ADDITIONAL EXAM DATES WITHIN THE SCOPE OF THE LAW NO 2547 ARTICLE 44 C,Fall Semester
When is law no 2547 article 44 c in the fall semester?,Academic Calendar | LAW NO 2547 ARTICLE 44 C | Fall Semester,"Law No 2547 Article 44 C for the Fall Semester is scheduled for 16 February 2026, Monday. Additional details: APPLICATION DATES FOR LATERAL TRANSFERS FINANCIAL REGISTRATIONS","law no 2547 article 44 c fall semester academic calendar date deadline schedule 16 February 2026, Monday",calendar,LAW NO 2547 ARTICLE 44 C,Fall Semester
When is 2nd additional exam applications within the scope of the law no 2547 article 44 c in the fall semester?,Academic Calendar | 2ND ADDITIONAL EXAM APPLICATIONS WITHIN THE SCOPE OF THE LAW NO 2547 ARTICLE 44 C | Fall Semester,2Nd Additional Exam Applications Within The Scope Of The Law No 2547 Article 44 C for the Fall Semester is scheduled for 16-20 February 2026 Monday-Friday.,2nd additional exam applications within the scope of the law no 2547 article 44 c fall semester academic calendar date deadline schedule 16-20 February 2026 Monday-Friday,calendar,2ND ADDITIONAL EXAM APPLICATIONS WITHIN THE SCOPE OF THE LAW NO 2547 ARTICLE 44 C,Fall Semester
When is single course exam for graduation in the fall semester?,Academic Calendar | SINGLE COURSE EXAM FOR GRADUATION | Fall Semester,"Single Course Exam For Graduation for the Fall Semester is scheduled for 17 February 2026, Tuesday.","single course exam for graduation fall semester academic calendar date deadline schedule 17 February 2026, Tuesday",calendar,SINGLE COURSE EXAM FOR GRADUATION,Fall Semester
When is deadline for announcing the grades from single course exams for graduation in the fall semester?,Academic Calendar | DEADLINE FOR ANNOUNCING THE GRADES FROM SINGLE COURSE EXAMS FOR GRADUATION | Fall Semester,"Deadline For Announcing The Grades From Single Course Exams For Graduation for the Fall Semester is scheduled for 23 February 2026, Monday.","deadline for announcing the grades from single course exams for graduation fall semester academic calendar date deadline schedule 23 February 2026, Monday",calendar,DEADLINE FOR ANNOUNCING THE GRADES FROM SINGLE COURSE EXAMS FOR GRADUATION,Fall Semester
When is applications for the exams to increase graduation grade average in the fall semester?,Academic Calendar | APPLICATIONS FOR THE EXAMS TO INCREASE GRADUATION GRADE AVERAGE | Fall Semester,"Applications For The Exams To Increase Graduation Grade Average for the Fall Semester is scheduled for 13 February 2026, Friday.","applications for the exams to increase graduation grade average fall semester academic calendar date deadline schedule 13 February 2026, Friday",calendar,APPLICATIONS FOR THE EXAMS TO INCREASE GRADUATION GRADE AVERAGE,Fall Semester
When is 2nd additional exam dates within the scope of the law no 2547 article 44 c in the fall semester?,Academic Calendar | 2ND ADDITIONAL EXAM DATES WITHIN THE SCOPE OF THE LAW NO 2547 ARTICLE 44 C | Fall Semester,2Nd Additional Exam Dates Within The Scope Of The Law No 2547 Article 44 C for the Fall Semester is scheduled for 24-26 February 2026 Tuesday-Thursday.,2nd additional exam dates within the scope of the law no 2547 article 44 c fall semester academic calendar date deadline schedule 24-26 February 2026 Tuesday-Thursday,calendar,2ND ADDITIONAL EXAM DATES WITHIN THE SCOPE OF THE LAW NO 2547 ARTICLE 44 C,Fall Semester
When is graduation grade average increase exam in the fall semester?,Academic Calendar | GRADUATION GRADE AVERAGE INCREASE EXAM | Fall Semester,"Graduation Grade Average Increase Exam for the Fall Semester is scheduled for 18 February 2026, Wednesday. Additional details: DEADLINE FOR ANNOUNCING THE GRADES FROM THE 2ND ADDITIONAL EXAM GIVEN WITHIN","graduation grade average increase exam fall semester academic calendar date deadline schedule 18 February 2026, Wednesday",calendar,GRADUATION GRADE AVERAGE INCREASE EXAM,Fall Semester
When is the scope of the law no 2547 article 44 c in the fall semester?,Academic Calendar | THE SCOPE OF THE LAW NO 2547 ARTICLE 44 C | Fall Semester,"The Scope Of The Law No 2547 Article 44 C for the Fall Semester is scheduled for 2 March 2026, Monday. Additional details: DEADLINE FOR ANNOUNCING THE GRADES FROM THE EXAMS TO INCREASE GRADUATION","the scope of the law no 2547 article 44 c fall semester academic calendar date deadline schedule 2 March 2026, Monday",calendar,THE SCOPE OF THE LAW NO 2547 ARTICLE 44 C,Fall Semester
When is grade average in the fall semester?,Academic Calendar | GRADE AVERAGE | Fall Semester,"Grade Average for the Fall Semester is scheduled for 20 February 2026, Friday.","grade average fall semester academic calendar date deadline schedule 20 February 2026, Friday",calendar,GRADE AVERAGE,Fall Semester
When is application dates for exemption from university's general english courses in the spring semester?,Academic Calendar | APPLICATION DATES FOR EXEMPTION FROM UNIVERSITY'S GENERAL ENGLISH COURSES | Spring Semester,"Application Dates For Exemption From University'S General English Courses for the Spring Semester is scheduled for 23 January 2026, Friday. Additional details: LAST DAY OF APPLICATIONS FOR EXEMPTION FROM THE COURSES TAKEN FROM OTHER HIGHER","application dates for exemption from university's general english courses spring semester academic calendar date deadline schedule 23 January 2026, Friday",calendar,APPLICATION DATES FOR EXEMPTION FROM UNIVERSITY'S GENERAL ENGLISH COURSES,Spring Semester
When is exam date for exemption from university's general english courses in the spring semester?,Academic Calendar | EXAM DATE FOR EXEMPTION FROM UNIVERSITY'S GENERAL ENGLISH COURSES | Spring Semester,"Exam Date For Exemption From University'S General English Courses for the Spring Semester is scheduled for 27 January 2026, Tuesday.","exam date for exemption from university's general english courses spring semester academic calendar date deadline schedule 27 January 2026, Tuesday",calendar,EXAM DATE FOR EXEMPTION FROM UNIVERSITY'S GENERAL ENGLISH COURSES,Spring Semester
When is deadline for lateral transfer/double major/minor/special student applications in the spring semester?,Academic Calendar | DEADLINE FOR LATERAL TRANSFER/DOUBLE MAJOR/MINOR/SPECIAL STUDENT APPLICATIONS | Spring Semester,"Deadline For Lateral Transfer/Double Major/Minor/Special Student Applications for the Spring Semester is scheduled for 2 February 2026, Monday. Additional details: BEYKOZ-PROF EXAM FOR THE STUDENTS APPLYING FOR LATERAL TRANSFER/DOUBLE MAJOR/MINOR","deadline for lateral transfer/double major/minor/special student applications spring semester academic calendar date deadline schedule 2 February 2026, Monday",calendar,DEADLINE FOR LATERAL TRANSFER/DOUBLE MAJOR/MINOR/SPECIAL STUDENT APPLICATIONS,Spring Semester
When is programs in the spring semester in the spring semester?,Academic Calendar | PROGRAMS IN THE SPRING SEMESTER | Spring Semester,"Programs In The Spring Semester for the Spring Semester is scheduled for 5 February 2026, Thursday.","programs in the spring semester spring semester academic calendar date deadline schedule 5 February 2026, Thursday",calendar,PROGRAMS IN THE SPRING SEMESTER,Spring Semester
When is announcement of lateral transfer application results in the spring semester?,Academic Calendar | ANNOUNCEMENT OF LATERAL TRANSFER APPLICATION RESULTS | Spring Semester,"Announcement Of Lateral Transfer Application Results for the Spring Semester is scheduled for 6 February 2026, Friday.","announcement of lateral transfer application results spring semester academic calendar date deadline schedule 6 February 2026, Friday",calendar,ANNOUNCEMENT OF LATERAL TRANSFER APPLICATION RESULTS,Spring Semester
When is announcement of double major/minor application results in the spring semester?,Academic Calendar | ANNOUNCEMENT OF DOUBLE MAJOR/MINOR APPLICATION RESULTS | Spring Semester,"Announcement Of Double Major/Minor Application Results for the Spring Semester is scheduled for 10 February 2026, Tuesday.","announcement of double major/minor application results spring semester academic calendar date deadline schedule 10 February 2026, Tuesday",calendar,ANNOUNCEMENT OF DOUBLE MAJOR/MINOR APPLICATION RESULTS,Spring Semester
When is course registrations in the spring semester?,Academic Calendar | COURSE REGISTRATIONS | Spring Semester,Course Registrations for the Spring Semester is scheduled for 3 - 8 February 2026 Tuesday - Sunday.,course registrations spring semester academic calendar date deadline schedule 3 - 8 February 2026 Tuesday - Sunday,calendar,COURSE REGISTRATIONS,Spring Semester
When is lateral transfer student registrations in the spring semester?,Academic Calendar | LATERAL TRANSFER STUDENT REGISTRATIONS | Spring Semester,Lateral Transfer Student Registrations for the Spring Semester is scheduled for 9- 11 February 2026 Monday - Wednesday(Acceptance List). Additional details: 12-13 February 2026 Thursday - Friday (Waiting List),lateral transfer student registrations spring semester academic calendar date deadline schedule 9- 11 February 2026 Monday - Wednesday(Acceptance List),calendar,LATERAL TRANSFER STUDENT REGISTRATIONS,Spring Semester
When is double major/minor/special student registrations in the spring semester?,Academic Calendar | DOUBLE MAJOR/MINOR/SPECIAL STUDENT REGISTRATIONS | Spring Semester,Double Major/Minor/Special Student Registrations for the Spring Semester is scheduled for 11-13 February 2026 Wednesday - Friday.,double major/minor/special student registrations spring semester academic calendar date deadline schedule 11-13 February 2026 Wednesday - Friday,calendar,DOUBLE MAJOR/MINOR/SPECIAL STUDENT REGISTRATIONS,Spring Semester
When is first day of classes (undergraduate-associate degree/preparatory programs) in the spring semester?,Academic Calendar | FIRST DAY OF CLASSES (Undergraduate-Associate Degree/Preparatory Programs) | Spring Semester,"First Day Of Classes (Undergraduate-Associate Degree/Preparatory Programs) for the Spring Semester is scheduled for 9 February 2026, Monday.","first day of classes (undergraduate-associate degree/preparatory programs) spring semester academic calendar date deadline schedule 9 February 2026, Monday",calendar,FIRST DAY OF CLASSES (Undergraduate-Associate Degree/Preparatory Programs),Spring Semester
When is course add/drop in the spring semester?,Academic Calendar | COURSE ADD/DROP | Spring Semester,"Course Add/Drop for the Spring Semester is scheduled for 9-14 February 2026 Tuesday - Saturday. Additional details: Deadline for announcing the goal, content, learning outcomes, weekly lesson plans, learning and",course add/drop spring semester academic calendar date deadline schedule 9-14 February 2026 Tuesday - Saturday,calendar,COURSE ADD/DROP,Spring Semester
When is last day for applications to freeze registration for the spring semester in the spring semester?,Academic Calendar | LAST DAY FOR APPLICATIONS TO FREEZE REGISTRATION for the SPRING SEMESTER | Spring Semester,"Last Day For Applications To Freeze Registration For The Spring Semester for the Spring Semester is scheduled for 27 March 2026, Friday.","last day for applications to freeze registration for the spring semester spring semester academic calendar date deadline schedule 27 March 2026, Friday",calendar,LAST DAY FOR APPLICATIONS TO FREEZE REGISTRATION for the SPRING SEMESTER,Spring Semester
When is midterms in the spring semester?,Academic Calendar | MIDTERMS | Spring Semester,Midterms for the Spring Semester is scheduled for 28 March - 5 April 2026 Saturday - Sunday.,midterms spring semester academic calendar date deadline schedule 28 March - 5 April 2026 Saturday - Sunday,calendar,MIDTERMS,Spring Semester
When is last day for withdrawal from courses in the spring semester?,Academic Calendar | LAST DAY FOR WITHDRAWAL FROM COURSES | Spring Semester,"Last Day For Withdrawal From Courses for the Spring Semester is scheduled for 27 March 2026, Friday.","last day for withdrawal from courses spring semester academic calendar date deadline schedule 27 March 2026, Friday",calendar,LAST DAY FOR WITHDRAWAL FROM COURSES,Spring Semester
When is deadline for midterm make-up exam applications in the spring semester?,Academic Calendar | DEADLINE FOR MIDTERM MAKE-UP EXAM APPLICATIONS | Spring Semester,"Deadline For Midterm Make-Up Exam Applications for the Spring Semester is scheduled for 8 April 2026, Wednesday.","deadline for midterm make-up exam applications spring semester academic calendar date deadline schedule 8 April 2026, Wednesday",calendar,DEADLINE FOR MIDTERM MAKE-UP EXAM APPLICATIONS,Spring Semester
When is deadline for entering the midterm grades into ois in the spring semester?,Academic Calendar | DEADLINE FOR ENTERING THE MIDTERM GRADES INTO OIS | Spring Semester,"Deadline For Entering The Midterm Grades Into Ois for the Spring Semester is scheduled for 14 April 2026, Tuesday.","deadline for entering the midterm grades into ois spring semester academic calendar date deadline schedule 14 April 2026, Tuesday",calendar,DEADLINE FOR ENTERING THE MIDTERM GRADES INTO OIS,Spring Semester
When is make-up exams for the midterms in the spring semester?,Academic Calendar | MAKE-UP EXAMS FOR THE MIDTERMS | Spring Semester,Make-Up Exams For The Midterms for the Spring Semester is scheduled for 13 - 15 April 2026 Monday - Wednesday.,make-up exams for the midterms spring semester academic calendar date deadline schedule 13 - 15 April 2026 Monday - Wednesday,calendar,MAKE-UP EXAMS FOR THE MIDTERMS,Spring Semester
When is deadline for announcing the grades of the midterm make-up exams in the spring semester?,Academic Calendar | DEADLINE FOR ANNOUNCING THE GRADES OF THE MIDTERM MAKE-UP EXAMS | Spring Semester,"Deadline For Announcing The Grades Of The Midterm Make-Up Exams for the Spring Semester is scheduled for 20 April 2026, Monday. Additional details: MAKE-UP CLASSES FOR THE ONES THAT COULD NOT BE CONDUCTED DUE TO RAMADAN HOLIDAY","deadline for announcing the grades of the midterm make-up exams spring semester academic calendar date deadline schedule 20 April 2026, Monday",calendar,DEADLINE FOR ANNOUNCING THE GRADES OF THE MIDTERM MAKE-UP EXAMS,Spring Semester
When is on 19 march 2025 thursday in the spring semester?,Academic Calendar | ON 19 MARCH 2025 THURSDAY | Spring Semester,"On 19 March 2025 Thursday for the Spring Semester is scheduled for 26 May 2026, Saturday. Additional details: MAKE-UP CLASSES FOR THE ONES THAT COULD NOT BE CONDUCTED DUE TO RAMADAN HOLIDAY","on 19 march 2025 thursday spring semester academic calendar date deadline schedule 26 May 2026, Saturday",calendar,ON 19 MARCH 2025 THURSDAY,Spring Semester
When is on 20 march 2026 friday in the spring semester?,Academic Calendar | ON 20 MARCH 2026 FRIDAY | Spring Semester,"On 20 March 2026 Friday for the Spring Semester is scheduled for 20 May 2026, Wednesday. Additional details: MAKE-UP CLASSES FOR THE ONES THAT COULD NOT BE CONDUCTED DUE TO RAMADAN HOLIDAY","on 20 march 2026 friday spring semester academic calendar date deadline schedule 20 May 2026, Wednesday",calendar,ON 20 MARCH 2026 FRIDAY,Spring Semester
When is on 21 march 2026 saturday in the spring semester?,Academic Calendar | ON 21 MARCH 2026 SATURDAY | Spring Semester,"On 21 March 2026 Saturday for the Spring Semester is scheduled for 17 May 2026, Sunday.","on 21 march 2026 saturday spring semester academic calendar date deadline schedule 17 May 2026, Sunday",calendar,ON 21 MARCH 2026 SATURDAY,Spring Semester
When is make-up classes for the ones that could not be conducted due to 01 may labour day in the spring semester?,Academic Calendar | MAKE-UP CLASSES FOR THE ONES THAT COULD NOT BE CONDUCTED DUE TO 01 MAY LABOUR DAY | Spring Semester,"Make-Up Classes For The Ones That Could Not Be Conducted Due To 01 May Labour Day for the Spring Semester is scheduled for 18 May 2026, Monday. Additional details: MAKE-UP CLASSES FOR THE ONES THAT COULD NOT BE CONDUCTED DUE TO 23 APRIL NATIONAL","make-up classes for the ones that could not be conducted due to 01 may labour day spring semester academic calendar date deadline schedule 18 May 2026, Monday",calendar,MAKE-UP CLASSES FOR THE ONES THAT COULD NOT BE CONDUCTED DUE TO 01 MAY LABOUR DAY,Spring Semester
When is sovereignty and children's day in the spring semester?,Academic Calendar | SOVEREIGNTY AND CHILDREN'S DAY | Spring Semester,"Sovereignty And Children'S Day for the Spring Semester is scheduled for 21 May 2026, Thursday.","sovereignty and children's day spring semester academic calendar date deadline schedule 21 May 2026, Thursday",calendar,SOVEREIGNTY AND CHILDREN'S DAY,Spring Semester
When is last day of classes in the spring semester?,Academic Calendar | LAST DAY OF CLASSES | Spring Semester,"Last Day Of Classes for the Spring Semester is scheduled for 15 May 2026, Friday.","last day of classes spring semester academic calendar date deadline schedule 15 May 2026, Friday",calendar,LAST DAY OF CLASSES,Spring Semester
When is deadline for entering the grades for the semester exams into the system in the spring semester?,Academic Calendar | DEADLINE FOR ENTERING THE GRADES FOR THE SEMESTER EXAMS INTO THE SYSTEM | Spring Semester,"Deadline For Entering The Grades For The Semester Exams Into The System for the Spring Semester is scheduled for 22 May 2026, Friday. Additional details: ANNOUNCEMENT OF THE LIST OF STUDENTS THAT HAVE FAILED IN THE SPRING SEMESTER DUE TO","deadline for entering the grades for the semester exams into the system spring semester academic calendar date deadline schedule 22 May 2026, Friday",calendar,DEADLINE FOR ENTERING THE GRADES FOR THE SEMESTER EXAMS INTO THE SYSTEM,Spring Semester
When is final exams in the spring semester?,Academic Calendar | FINAL EXAMS | Spring Semester,Final Exams for the Spring Semester is scheduled for 1 - 10 June 2026 Monday-Wednesday.,final exams spring semester academic calendar date deadline schedule 1 - 10 June 2026 Monday-Wednesday,calendar,FINAL EXAMS,Spring Semester
When is application dates for graduation single course exams in the spring semester?,Academic Calendar | APPLICATION DATES FOR GRADUATION SINGLE COURSE EXAMS | Spring Semester,"Application Dates For Graduation Single Course Exams for the Spring Semester is scheduled for 29 June 2026, Monday.","application dates for graduation single course exams spring semester academic calendar date deadline schedule 29 June 2026, Monday",calendar,APPLICATION DATES FOR GRADUATION SINGLE COURSE EXAMS,Spring Semester
When is deadline for entering the final exam grades into ois for the spring semester in the spring semester?,Academic Calendar | DEADLINE FOR ENTERING THE FINAL EXAM GRADES INTO OIS FOR THE SPRING SEMESTER | Spring Semester,"Deadline For Entering The Final Exam Grades Into Ois For The Spring Semester for the Spring Semester is scheduled for 14 June 2026, Sunday.","deadline for entering the final exam grades into ois for the spring semester spring semester academic calendar date deadline schedule 14 June 2026, Sunday",calendar,DEADLINE FOR ENTERING THE FINAL EXAM GRADES INTO OIS FOR THE SPRING SEMESTER,Spring Semester
When is retake exams in the spring semester?,Academic Calendar | RETAKE EXAMS | Spring Semester,Retake Exams for the Spring Semester is scheduled for 18-24 June 2026 Thursday-Wednesday.,retake exams spring semester academic calendar date deadline schedule 18-24 June 2026 Thursday-Wednesday,calendar,RETAKE EXAMS,Spring Semester
When is 2nd additional exam applications within the scope of the law no 2547 article 44 c in the spring semester?,Academic Calendar | 2ND ADDITIONAL EXAM APPLICATIONS WITHIN THE SCOPE OF THE LAW NO 2547 ARTICLE 44 C | Spring Semester,2Nd Additional Exam Applications Within The Scope Of The Law No 2547 Article 44 C for the Spring Semester is scheduled for 16-20 February 2026 Monday-Friday.,2nd additional exam applications within the scope of the law no 2547 article 44 c spring semester academic calendar date deadline schedule 16-20 February 2026 Monday-Friday,calendar,2ND ADDITIONAL EXAM APPLICATIONS WITHIN THE SCOPE OF THE LAW NO 2547 ARTICLE 44 C,Spring Semester
When is single course exam for graduation in the spring semester?,Academic Calendar | SINGLE COURSE EXAM FOR GRADUATION | Spring Semester,"Single Course Exam For Graduation for the Spring Semester is scheduled for 17 February 2026, Tuesday.","single course exam for graduation spring semester academic calendar date deadline schedule 17 February 2026, Tuesday",calendar,SINGLE COURSE EXAM FOR GRADUATION,Spring Semester
When is deadline for announcing the grades from single course exams for graduation in the spring semester?,Academic Calendar | DEADLINE FOR ANNOUNCING THE GRADES FROM SINGLE COURSE EXAMS FOR GRADUATION | Spring Semester,"Deadline For Announcing The Grades From Single Course Exams For Graduation for the Spring Semester is scheduled for 23 February 2026, Monday.","deadline for announcing the grades from single course exams for graduation spring semester academic calendar date deadline schedule 23 February 2026, Monday",calendar,DEADLINE FOR ANNOUNCING THE GRADES FROM SINGLE COURSE EXAMS FOR GRADUATION,Spring Semester
When is applications for the exams to increase graduation grade average in the spring semester?,Academic Calendar | APPLICATIONS FOR THE EXAMS TO INCREASE GRADUATION GRADE AVERAGE | Spring Semester,"Applications For The Exams To Increase Graduation Grade Average for the Spring Semester is scheduled for 13 February 2026, Friday.","applications for the exams to increase graduation grade average spring semester academic calendar date deadline schedule 13 February 2026, Friday",calendar,APPLICATIONS FOR THE EXAMS TO INCREASE GRADUATION GRADE AVERAGE,Spring Semester
When is 2nd additional exam dates within the scope of the law no 2547 article 44 c in the spring semester?,Academic Calendar | 2ND ADDITIONAL EXAM DATES WITHIN THE SCOPE OF THE LAW NO 2547 ARTICLE 44 C | Spring Semester,2Nd Additional Exam Dates Within The Scope Of The Law No 2547 Article 44 C for the Spring Semester is scheduled for 24-26 February 2026 Tuesday-Thursday.,2nd additional exam dates within the scope of the law no 2547 article 44 c spring semester academic calendar date deadline schedule 24-26 February 2026 Tuesday-Thursday,calendar,2ND ADDITIONAL EXAM DATES WITHIN THE SCOPE OF THE LAW NO 2547 ARTICLE 44 C,Spring Semester
When is graduation grade average increase exam in the spring semester?,Academic Calendar | GRADUATION GRADE AVERAGE INCREASE EXAM | Spring Semester,"Graduation Grade Average Increase Exam for the Spring Semester is scheduled for 18 February 2026, Wednesday. Additional details: DEADLINE FOR ANNOUNCING THE GRADES FROM THE 2ND ADDITIONAL EXAM GIVEN WITHIN","graduation grade average increase exam spring semester academic calendar date deadline schedule 18 February 2026, Wednesday",calendar,GRADUATION GRADE AVERAGE INCREASE EXAM,Spring Semester
When is the scope of the law no 2547 article 44 c in the spring semester?,Academic Calendar | THE SCOPE OF THE LAW NO 2547 ARTICLE 44 C | Spring Semester,"The Scope Of The Law No 2547 Article 44 C for the Spring Semester is scheduled for 2 March 2026, Monday. Additional details: DEADLINE FOR ANNOUNCING THE GRADES FROM THE EXAMS TO INCREASE GRADUATION","the scope of the law no 2547 article 44 c spring semester academic calendar date deadline schedule 2 March 2026, Monday",calendar,THE SCOPE OF THE LAW NO 2547 ARTICLE 44 C,Spring Semester
When is grade average in the spring semester?,Academic Calendar | GRADE AVERAGE | Spring Semester,"Grade Average for the Spring Semester is scheduled for 20 February 2026, Friday.","grade average spring semester academic calendar date deadline schedule 20 February 2026, Friday",calendar,GRADE AVERAGE,Spring Semester
When is application dates for exemption from university's general english courses in the spring semester?,Academic Calendar | APPLICATION DATES FOR EXEMPTION FROM UNIVERSITY'S GENERAL ENGLISH COURSES | Spring Semester,Application Dates For Exemption From University'S General English Courses for the Spring Semester is scheduled for 20-28 January 2026 Tuesday-Wednesday. Additional details: LAST DAY OF APPLICATIONS FOR EXEMPTION FROM THE COURSES TAKEN FROM OTHER HIGHER,application dates for exemption from university's general english courses spring semester academic calendar date deadline schedule 20-28 January 2026 Tuesday-Wednesday,calendar,APPLICATION DATES FOR EXEMPTION FROM UNIVERSITY'S GENERAL ENGLISH COURSES,Spring Semester
When is exam date for exemption from university's general english courses in the spring semester?,Academic Calendar | EXAM DATE FOR EXEMPTION FROM UNIVERSITY'S GENERAL ENGLISH COURSES | Spring Semester,Exam Date For Exemption From University'S General English Courses for the Spring Semester is scheduled for 2 February 2026 Monday.,exam date for exemption from university's general english courses spring semester academic calendar date deadline schedule 2 February 2026 Monday,calendar,EXAM DATE FOR EXEMPTION FROM UNIVERSITY'S GENERAL ENGLISH COURSES,Spring Semester
When is beykoz-prof exam for the students applying for lateral transfer/double major/minor programs in the spring semester in the spring semester?,Academic Calendar | BEYKOZ-PROF EXAM FOR THE STUDENTS APPLYING FOR LATERAL TRANSFER/DOUBLE MAJOR/MINOR PROGRAMS IN THE SPRING SEMESTER | Spring Semester,"Beykoz-Prof Exam For The Students Applying For Lateral Transfer/Double Major/Minor Programs In The Spring Semester for the Spring Semester is scheduled for 5 February 2026, Thursday.","beykoz-prof exam for the students applying for lateral transfer/double major/minor programs in the spring semester spring semester academic calendar date deadline schedule 5 February 2026, Thursday",calendar,BEYKOZ-PROF EXAM FOR THE STUDENTS APPLYING FOR LATERAL TRANSFER/DOUBLE MAJOR/MINOR PROGRAMS IN THE SPRING SEMESTER,Spring Semester
When is make-up classes for the ones that could not be conducted due to ramadan holiday on 19 march 2025 thursday in the spring semester?,Academic Calendar | MAKE-UP CLASSES FOR THE ONES THAT COULD NOT BE CONDUCTED DUE TO RAMADAN HOLIDAY ON 19 MARCH 2025 THURSDAY | Spring Semester,"Make-Up Classes For The Ones That Could Not Be Conducted Due To Ramadan Holiday On 19 March 2025 Thursday for the Spring Semester is scheduled for 26 May 2026, Saturday. Additional details: MAKE-UP CLASSES FOR THE ONES THAT COULD NOT BE CONDUCTED DUE TO RAMADAN HOLIDAY","make-up classes for the ones that could not be conducted due to ramadan holiday on 19 march 2025 thursday spring semester academic calendar date deadline schedule 26 May 2026, Saturday",calendar,MAKE-UP CLASSES FOR THE ONES THAT COULD NOT BE CONDUCTED DUE TO RAMADAN HOLIDAY ON 19 MARCH 2025 THURSDAY,Spring Semester
When is make-up classes for the ones that could not be conducted due to ramadan holiday on 21 march 2026 saturday in the spring semester?,Academic Calendar | MAKE-UP CLASSES FOR THE ONES THAT COULD NOT BE CONDUCTED DUE TO RAMADAN HOLIDAY ON 21 MARCH 2026 SATURDAY | Spring Semester,"Make-Up Classes For The Ones That Could Not Be Conducted Due To Ramadan Holiday On 21 March 2026 Saturday for the Spring Semester is scheduled for 17 May 2026, Sunday.","make-up classes for the ones that could not be conducted due to ramadan holiday on 21 march 2026 saturday spring semester academic calendar date deadline schedule 17 May 2026, Sunday",calendar,MAKE-UP CLASSES FOR THE ONES THAT COULD NOT BE CONDUCTED DUE TO RAMADAN HOLIDAY ON 21 MARCH 2026 SATURDAY,Spring Semester
When is make-up classes for the ones that could not be conducted due to 23 april national sovereignty and children's day in the spring semester?,Academic Calendar | MAKE-UP CLASSES FOR THE ONES THAT COULD NOT BE CONDUCTED DUE TO 23 APRIL NATIONAL SOVEREIGNTY AND CHILDREN'S DAY | Spring Semester,"Make-Up Classes For The Ones That Could Not Be Conducted Due To 23 April National Sovereignty And Children'S Day for the Spring Semester is scheduled for 21 May 2026, Thursday.","make-up classes for the ones that could not be conducted due to 23 april national sovereignty and children's day spring semester academic calendar date deadline schedule 21 May 2026, Thursday",calendar,MAKE-UP CLASSES FOR THE ONES THAT COULD NOT BE CONDUCTED DUE TO 23 APRIL NATIONAL SOVEREIGNTY AND CHILDREN'S DAY,Spring Semester
When is announcement of the list of students that have failed in the spring semester due to absenteeism in the spring semester?,Academic Calendar | ANNOUNCEMENT OF THE LIST OF STUDENTS THAT HAVE FAILED IN THE SPRING SEMESTER DUE TO ABSENTEEISM | Spring Semester,"Announcement Of The List Of Students That Have Failed In The Spring Semester Due To Absenteeism for the Spring Semester is scheduled for 22 May 2026, Friday.","announcement of the list of students that have failed in the spring semester due to absenteeism spring semester academic calendar date deadline schedule 22 May 2026, Friday",calendar,ANNOUNCEMENT OF THE LIST OF STUDENTS THAT HAVE FAILED IN THE SPRING SEMESTER DUE TO ABSENTEEISM,Spring Semester
When is deadline for announcing the grades from the 2nd additional exam given within the scope of the law no 2547 article 44 c in the spring semester?,Academic Calendar | DEADLINE FOR ANNOUNCING THE GRADES FROM THE 2ND ADDITIONAL EXAM GIVEN WITHIN THE SCOPE OF THE LAW NO 2547 ARTICLE 44 C | Spring Semester,"Deadline For Announcing The Grades From The 2Nd Additional Exam Given Within The Scope Of The Law No 2547 Article 44 C for the Spring Semester is scheduled for 2 March 2026, Monday. Additional details: DEADLINE FOR ANNOUNCING THE GRADES FROM THE EXAMS TO INCREASE GRADUATION","deadline for announcing the grades from the 2nd additional exam given within the scope of the law no 2547 article 44 c spring semester academic calendar date deadline schedule 2 March 2026, Monday",calendar,DEADLINE FOR ANNOUNCING THE GRADES FROM THE 2ND ADDITIONAL EXAM GIVEN WITHIN THE SCOPE OF THE LAW NO 2547 ARTICLE 44 C,Spring Semester
When is make-up classes for the ones that could not be conducted due to ramadan holiday on 20 march 2026 friday in the spring semester?,Academic Calendar | MAKE-UP CLASSES FOR THE ONES THAT COULD NOT BE CONDUCTED DUE TO RAMADAN HOLIDAY ON 20 MARCH 2026 FRIDAY | Spring Semester,"Make-Up Classes For The Ones That Could Not Be Conducted Due To Ramadan Holiday On 20 March 2026 Friday for the Spring Semester is scheduled for 20 May 2026, Wednesday. Additional details: MAKE-UP CLASSES FOR THE ONES THAT COULD NOT BE CONDUCTED DUE TO RAMADAN HOLIDAY","make-up classes for the ones that could not be conducted due to ramadan holiday on 20 march 2026 friday spring semester academic calendar date deadline schedule 20 May 2026, Wednesday",calendar,MAKE-UP CLASSES FOR THE ONES THAT COULD NOT BE CONDUCTED DUE TO RAMADAN HOLIDAY ON 20 MARCH 2026 FRIDAY,Spring Semester
When is deadline for applications to take graduation grade average increase exam in the spring semester?,Academic Calendar | DEADLINE FOR APPLICATIONS TO TAKE GRADUATION GRADE AVERAGE INCREASE EXAM | Spring Semester,"Deadline For Applications To Take Graduation Grade Average Increase Exam for the Spring Semester is scheduled for 30 June 2026, Tuesday.","deadline for applications to take graduation grade average increase exam spring semester academic calendar date deadline schedule 30 June 2026, Tuesday",calendar,DEADLINE FOR APPLICATIONS TO TAKE GRADUATION GRADE AVERAGE INCREASE EXAM,Spring Semester
When is deadline for entering the retake exam results into ois in the spring semester?,Academic Calendar | DEADLINE FOR ENTERING THE RETAKE EXAM RESULTS INTO OIS | Spring Semester,"Deadline For Entering The Retake Exam Results Into Ois for the Spring Semester is scheduled for 28 June 2026, Sunday.","deadline for entering the retake exam results into ois spring semester academic calendar date deadline schedule 28 June 2026, Sunday",calendar,DEADLINE FOR ENTERING THE RETAKE EXAM RESULTS INTO OIS,Spring Semester
When is single course exam for graduation in the spring semester?,Academic Calendar | SINGLE COURSE EXAM FOR GRADUATION | Spring Semester,"Single Course Exam For Graduation for the Spring Semester is scheduled for 6 July 2026, Monday.","single course exam for graduation spring semester academic calendar date deadline schedule 6 July 2026, Monday",calendar,SINGLE COURSE EXAM FOR GRADUATION,Spring Semester
When is deadline for announcing the grades from single course exams for graduation in the spring semester?,Academic Calendar | DEADLINE FOR ANNOUNCING THE GRADES FROM SINGLE COURSE EXAMS FOR GRADUATION | Spring Semester,"Deadline For Announcing The Grades From Single Course Exams For Graduation for the Spring Semester is scheduled for 7 July 2026, Tuesday.","deadline for announcing the grades from single course exams for graduation spring semester academic calendar date deadline schedule 7 July 2026, Tuesday",calendar,DEADLINE FOR ANNOUNCING THE GRADES FROM SINGLE COURSE EXAMS FOR GRADUATION,Spring Semester
When is exams to increase graduation grade average in the spring semester?,Academic Calendar | EXAMS TO INCREASE GRADUATION GRADE AVERAGE | Spring Semester,"Exams To Increase Graduation Grade Average for the Spring Semester is scheduled for 3 July 2026, Friday. Additional details: DEADLINE FOR ANNOUNCING THE RESULTS OF THE EXAMS TO INCREASE GRADUATION GRADE","exams to increase graduation grade average spring semester academic calendar date deadline schedule 3 July 2026, Friday",calendar,EXAMS TO INCREASE GRADUATION GRADE AVERAGE,Spring Semester
When is last day for the announcement of the courses to be opened by the academic units in the summer term?,Academic Calendar | LAST DAY FOR THE ANNOUNCEMENT OF THE COURSES TO BE OPENED BY THE ACADEMIC UNITS | Summer Term,"Last Day For The Announcement Of The Courses To Be Opened By The Academic Units for the Summer Term is scheduled for 26 June 2026, Friday.","last day for the announcement of the courses to be opened by the academic units summer term academic calendar date deadline schedule 26 June 2026, Friday",calendar,LAST DAY FOR THE ANNOUNCEMENT OF THE COURSES TO BE OPENED BY THE ACADEMIC UNITS,Summer Term
When is final registration in the summer term?,Academic Calendar | FINAL REGISTRATION | Summer Term,Final Registration for the Summer Term is scheduled for 29 June - 2 July 2026 Monday-Thursday.,final registration summer term academic calendar date deadline schedule 29 June - 2 July 2026 Monday-Thursday,calendar,FINAL REGISTRATION,Summer Term
When is announcement of the courses that will be opened in the summer term?,Academic Calendar | ANNOUNCEMENT OF THE COURSES THAT WILL BE OPENED | Summer Term,"Announcement Of The Courses That Will Be Opened for the Summer Term is scheduled for 3 July 2026, Friday.","announcement of the courses that will be opened summer term academic calendar date deadline schedule 3 July 2026, Friday",calendar,ANNOUNCEMENT OF THE COURSES THAT WILL BE OPENED,Summer Term
When is first day of classes in the summer term?,Academic Calendar | FIRST DAY OF CLASSES | Summer Term,"First Day Of Classes for the Summer Term is scheduled for 6 July 2026, Monday.","first day of classes summer term academic calendar date deadline schedule 6 July 2026, Monday",calendar,FIRST DAY OF CLASSES,Summer Term
When is midterms in the summer term?,Academic Calendar | MIDTERMS | Summer Term,Midterms for the Summer Term is scheduled for 27 July - 1 August 2026 Monday - Friday.,midterms summer term academic calendar date deadline schedule 27 July - 1 August 2026 Monday - Friday,calendar,MIDTERMS,Summer Term
When is deadline for entering the midterm grades into ois in the summer term?,Academic Calendar | DEADLINE FOR ENTERING THE MIDTERM GRADES INTO OIS | Summer Term,"Deadline For Entering The Midterm Grades Into Ois for the Summer Term is scheduled for 7 August 2026, Friday.","deadline for entering the midterm grades into ois summer term academic calendar date deadline schedule 7 August 2026, Friday",calendar,DEADLINE FOR ENTERING THE MIDTERM GRADES INTO OIS,Summer Term
When is deadline for midterm make-up exam applications in the summer term?,Academic Calendar | DEADLINE FOR MIDTERM MAKE-UP EXAM APPLICATIONS | Summer Term,"Deadline For Midterm Make-Up Exam Applications for the Summer Term is scheduled for 5 August 2026, Wednesday.","deadline for midterm make-up exam applications summer term academic calendar date deadline schedule 5 August 2026, Wednesday",calendar,DEADLINE FOR MIDTERM MAKE-UP EXAM APPLICATIONS,Summer Term
When is make-up exams for the midterms in the summer term?,Academic Calendar | MAKE-UP EXAMS FOR THE MIDTERMS | Summer Term,Make-Up Exams For The Midterms for the Summer Term is scheduled for 10 - 11 August 2026 Monday - Tuesday.,make-up exams for the midterms summer term academic calendar date deadline schedule 10 - 11 August 2026 Monday - Tuesday,calendar,MAKE-UP EXAMS FOR THE MIDTERMS,Summer Term
When is deadline for entering the grades of the midterm make-up exams in the summer term?,Academic Calendar | DEADLINE FOR ENTERING THE GRADES OF THE MIDTERM MAKE-UP EXAMS | Summer Term,"Deadline For Entering The Grades Of The Midterm Make-Up Exams for the Summer Term is scheduled for 14 August 2026, Friday.","deadline for entering the grades of the midterm make-up exams summer term academic calendar date deadline schedule 14 August 2026, Friday",calendar,DEADLINE FOR ENTERING THE GRADES OF THE MIDTERM MAKE-UP EXAMS,Summer Term
When is last day of classes in the summer term?,Academic Calendar | LAST DAY OF CLASSES | Summer Term,"Last Day Of Classes for the Summer Term is scheduled for 21 August 2026,Friday.","last day of classes summer term academic calendar date deadline schedule 21 August 2026,Friday",calendar,LAST DAY OF CLASSES,Summer Term
When is deadline for entering the grades for the semester exams into the system in the summer term?,Academic Calendar | DEADLINE FOR ENTERING THE GRADES FOR THE SEMESTER EXAMS INTO THE SYSTEM | Summer Term,"Deadline For Entering The Grades For The Semester Exams Into The System for the Summer Term is scheduled for 21 August 2026,Friday. Additional details: ANNOUNCEMENT OF THE LIST OF STUDENTS THAT HAVE FAILED DUE TO","deadline for entering the grades for the semester exams into the system summer term academic calendar date deadline schedule 21 August 2026,Friday",calendar,DEADLINE FOR ENTERING THE GRADES FOR THE SEMESTER EXAMS INTO THE SYSTEM,Summer Term
When is absenteeism over ois in the summer term?,Academic Calendar | ABSENTEEISM OVER OIS | Summer Term,"Absenteeism Over Ois for the Summer Term is scheduled for 24 August 2026, Monday.","absenteeism over ois summer term academic calendar date deadline schedule 24 August 2026, Monday",calendar,ABSENTEEISM OVER OIS,Summer Term
When is final exams in the summer term?,Academic Calendar | FINAL EXAMS | Summer Term,Final Exams for the Summer Term is scheduled for 25 - 28 August 2026 Tuesday-Friday.,final exams summer term academic calendar date deadline schedule 25 - 28 August 2026 Tuesday-Friday,calendar,FINAL EXAMS,Summer Term
When is deadline for entering the final exam grades into ois in the summer term?,Academic Calendar | DEADLINE FOR ENTERING THE FINAL EXAM GRADES INTO OIS | Summer Term,"Deadline For Entering The Final Exam Grades Into Ois for the Summer Term is scheduled for 31 August 2026, Monday.","deadline for entering the final exam grades into ois summer term academic calendar date deadline schedule 31 August 2026, Monday",calendar,DEADLINE FOR ENTERING THE FINAL EXAM GRADES INTO OIS,Summer Term
When is application dates for graduation single course exams in the summer term?,Academic Calendar | APPLICATION DATES FOR GRADUATION SINGLE COURSE EXAMS | Summer Term,Application Dates For Graduation Single Course Exams for the Summer Term is scheduled for 31 August-8 September 2026 Monday-Tuesday.,application dates for graduation single course exams summer term academic calendar date deadline schedule 31 August-8 September 2026 Monday-Tuesday,calendar,APPLICATION DATES FOR GRADUATION SINGLE COURSE EXAMS,Summer Term
When is 1st additional exam applications within the scope of the law no 2547 article 44 c in the summer term?,Academic Calendar | 1ST ADDITIONAL EXAM APPLICATIONS WITHIN THE SCOPE OF THE LAW NO 2547 ARTICLE 44 C | Summer Term,1St Additional Exam Applications Within The Scope Of The Law No 2547 Article 44 C for the Summer Term is scheduled for 1 - 10 September 2026 Tuesday-Thursday.,1st additional exam applications within the scope of the law no 2547 article 44 c summer term academic calendar date deadline schedule 1 - 10 September 2026 Tuesday-Thursday,calendar,1ST ADDITIONAL EXAM APPLICATIONS WITHIN THE SCOPE OF THE LAW NO 2547 ARTICLE 44 C,Summer Term
When is single course exam for graduation in the summer term?,Academic Calendar | SINGLE COURSE EXAM FOR GRADUATION | Summer Term,"Single Course Exam For Graduation for the Summer Term is scheduled for 11 September 2026, Friday.","single course exam for graduation summer term academic calendar date deadline schedule 11 September 2026, Friday",calendar,SINGLE COURSE EXAM FOR GRADUATION,Summer Term
When is deadline for announcing the grades from single course exams for graduation in the summer term?,Academic Calendar | DEADLINE FOR ANNOUNCING THE GRADES FROM SINGLE COURSE EXAMS FOR GRADUATION | Summer Term,"Deadline For Announcing The Grades From Single Course Exams For Graduation for the Summer Term is scheduled for 15 September 2026, Tuesday.","deadline for announcing the grades from single course exams for graduation summer term academic calendar date deadline schedule 15 September 2026, Tuesday",calendar,DEADLINE FOR ANNOUNCING THE GRADES FROM SINGLE COURSE EXAMS FOR GRADUATION,Summer Term
When is applications for the exams to increase graduation grade average in the summer term?,Academic Calendar | APPLICATIONS FOR THE EXAMS TO INCREASE GRADUATION GRADE AVERAGE | Summer Term,"Applications For The Exams To Increase Graduation Grade Average for the Summer Term is scheduled for 14 September 2026, Monday.","applications for the exams to increase graduation grade average summer term academic calendar date deadline schedule 14 September 2026, Monday",calendar,APPLICATIONS FOR THE EXAMS TO INCREASE GRADUATION GRADE AVERAGE,Summer Term
When is 1st additional exam dates within the scope of the law no 2547 article 44 c in the summer term?,Academic Calendar | 1ST ADDITIONAL EXAM DATES WITHIN THE SCOPE OF THE LAW NO 2547 ARTICLE 44 C | Summer Term,1St Additional Exam Dates Within The Scope Of The Law No 2547 Article 44 C for the Summer Term is scheduled for 15 - 18 September 2026 Tuesday - Friday.,1st additional exam dates within the scope of the law no 2547 article 44 c summer term academic calendar date deadline schedule 15 - 18 September 2026 Tuesday - Friday,calendar,1ST ADDITIONAL EXAM DATES WITHIN THE SCOPE OF THE LAW NO 2547 ARTICLE 44 C,Summer Term
When is 2nd additional exam applications within the scope of the law no 2547 article 44 c in the summer term?,Academic Calendar | 2ND ADDITIONAL EXAM APPLICATIONS WITHIN THE SCOPE OF THE LAW NO 2547 ARTICLE 44 C | Summer Term,2Nd Additional Exam Applications Within The Scope Of The Law No 2547 Article 44 C for the Summer Term is scheduled for 22 September - 25 September 2026 Tuesday-Friday. Additional details: DEADLINE FOR ANNOUNCING THE GRADES FROM THE 1ST ADDITIONAL EXAM GIVEN WITHIN,2nd additional exam applications within the scope of the law no 2547 article 44 c summer term academic calendar date deadline schedule 22 September - 25 September 2026 Tuesday-Friday,calendar,2ND ADDITIONAL EXAM APPLICATIONS WITHIN THE SCOPE OF THE LAW NO 2547 ARTICLE 44 C,Summer Term
When is the scope of the law no 2547 article 44 c in the summer term?,Academic Calendar | THE SCOPE OF THE LAW NO 2547 ARTICLE 44 C | Summer Term,"The Scope Of The Law No 2547 Article 44 C for the Summer Term is scheduled for 22 September 2026, Tuesday.","the scope of the law no 2547 article 44 c summer term academic calendar date deadline schedule 22 September 2026, Tuesday",calendar,THE SCOPE OF THE LAW NO 2547 ARTICLE 44 C,Summer Term
When is exams to increase graduation grade average in the summer term?,Academic Calendar | EXAMS TO INCREASE GRADUATION GRADE AVERAGE | Summer Term,Exams To Increase Graduation Grade Average for the Summer Term is scheduled for 17-18 September 2026 Thursday-Friday. Additional details: DEADLINE FOR ANNOUNCING THE GRADES FROM THE EXAMS TO INCREASE GRADUATION,exams to increase graduation grade average summer term academic calendar date deadline schedule 17-18 September 2026 Thursday-Friday,calendar,EXAMS TO INCREASE GRADUATION GRADE AVERAGE,Summer Term
When is grade average in the summer term?,Academic Calendar | GRADE AVERAGE | Summer Term,"Grade Average for the Summer Term is scheduled for 23 September 2026, Wednesday.","grade average summer term academic calendar date deadline schedule 23 September 2026, Wednesday",calendar,GRADE AVERAGE,Summer Term
When is 2nd additional exam dates within the scope of the law no 2547 article 44 c in the summer term?,Academic Calendar | 2ND ADDITIONAL EXAM DATES WITHIN THE SCOPE OF THE LAW NO 2547 ARTICLE 44 C | Summer Term,2Nd Additional Exam Dates Within The Scope Of The Law No 2547 Article 44 C for the Summer Term is scheduled for 30 September - 2 October 2026 Wednesday-Friday. Additional details: DEADLINE FOR ANNOUNCING THE GRADES FROM THE 2ND ADDITIONAL EXAM GIVEN WITHIN,2nd additional exam dates within the scope of the law no 2547 article 44 c summer term academic calendar date deadline schedule 30 September - 2 October 2026 Wednesday-Friday,calendar,2ND ADDITIONAL EXAM DATES WITHIN THE SCOPE OF THE LAW NO 2547 ARTICLE 44 C,Summer Term
When is the scope of the law no 2547 article 44 c in the summer term?,Academic Calendar | THE SCOPE OF THE LAW NO 2547 ARTICLE 44 C | Summer Term,"The Scope Of The Law No 2547 Article 44 C for the Summer Term is scheduled for 6 October 2026, Tuesday.","the scope of the law no 2547 article 44 c summer term academic calendar date deadline schedule 6 October 2026, Tuesday",calendar,THE SCOPE OF THE LAW NO 2547 ARTICLE 44 C,Summer Term
When is republic day (holiday) in the public holidays?,Academic Calendar | REPUBLIC DAY (HOLIDAY) | Public Holidays,Republic Day (Holiday) for the Public Holidays is scheduled for 28 October 2025 Tuesday 1/2 / 29 October 2025 Wednesday.,republic day (holiday) public holidays academic calendar date deadline schedule 28 October 2025 Tuesday 1/2 / 29 October 2025 Wednesday,calendar,REPUBLIC DAY (HOLIDAY),Public Holidays
When is new year's day (holiday) in the public holidays?,Academic Calendar | NEW YEAR'S DAY (HOLIDAY) | Public Holidays,"New Year'S Day (Holiday) for the Public Holidays is scheduled for 1 January 2026, Thursday.","new year's day (holiday) public holidays academic calendar date deadline schedule 1 January 2026, Thursday",calendar,NEW YEAR'S DAY (HOLIDAY),Public Holidays
When is ramadan feast (holiday) in the public holidays?,Academic Calendar | RAMADAN FEAST (HOLIDAY) | Public Holidays,Ramadan Feast (Holiday) for the Public Holidays is scheduled for 19 March 2026 Thursday (Half Day) / 22 March 2026 Sunday.,ramadan feast (holiday) public holidays academic calendar date deadline schedule 19 March 2026 Thursday (Half Day) / 22 March 2026 Sunday,calendar,RAMADAN FEAST (HOLIDAY),Public Holidays
When is national sovereignty and children's day (holiday) in the public holidays?,Academic Calendar | NATIONAL SOVEREIGNTY AND CHILDREN'S DAY (HOLIDAY) | Public Holidays,"National Sovereignty And Children'S Day (Holiday) for the Public Holidays is scheduled for 23 April 2026, Thursday.","national sovereignty and children's day (holiday) public holidays academic calendar date deadline schedule 23 April 2026, Thursday",calendar,NATIONAL SOVEREIGNTY AND CHILDREN'S DAY (HOLIDAY),Public Holidays
When is labour and solidarity day (holiday) in the public holidays?,Academic Calendar | LABOUR AND SOLIDARITY DAY (HOLIDAY) | Public Holidays,"Labour And Solidarity Day (Holiday) for the Public Holidays is scheduled for 1 May 2026, Friday.","labour and solidarity day (holiday) public holidays academic calendar date deadline schedule 1 May 2026, Friday",calendar,LABOUR AND SOLIDARITY DAY (HOLIDAY),Public Holidays
"When is commemoration of atatürk, youth and sports day (holiday) in the public holidays?","Academic Calendar | COMMEMORATION OF ATATÜRK, YOUTH AND SPORTS DAY (HOLIDAY) | Public Holidays","Commemoration Of Atatürk, Youth And Sports Day (Holiday) for the Public Holidays is scheduled for 19 May 2026, Tuesday.","commemoration of atatürk, youth and sports day (holiday) public holidays academic calendar date deadline schedule 19 May 2026, Tuesday",calendar,"COMMEMORATION OF ATATÜRK, YOUTH AND SPORTS DAY (HOLIDAY)",Public Holidays
When is sacrificing day (holiday) in the public holidays?,Academic Calendar | SACRIFICING DAY (HOLIDAY) | Public Holidays,Sacrificing Day (Holiday) for the Public Holidays is scheduled for 26 May 2026 Tuesday (Half Day) / 30 May 2026 Saturday.,sacrificing day (holiday) public holidays academic calendar date deadline schedule 26 May 2026 Tuesday (Half Day) / 30 May 2026 Saturday,calendar,SACRIFICING DAY (HOLIDAY),Public Holidays
When is democracy and national unity day in the public holidays?,Academic Calendar | DEMOCRACY AND NATIONAL UNITY DAY | Public Holidays,"Democracy And National Unity Day for the Public Holidays is scheduled for 15 July 2026, Wednesday.","democracy and national unity day public holidays academic calendar date deadline schedule 15 July 2026, Wednesday",calendar,DEMOCRACY AND NATIONAL UNITY DAY,Public Holidays
When is victory day (holiday) in the public holidays?,Academic Calendar | VICTORY DAY (HOLIDAY) | Public Holidays,"Victory Day (Holiday) for the Public Holidays is scheduled for 30 August 2026, Sunday.","victory day (holiday) public holidays academic calendar date deadline schedule 30 August 2026, Sunday",calendar,VICTORY DAY (HOLIDAY),Public Holidays
